Workbook
Name Subjects: Dashboard!$M$2:$M$11

Sheet Revision Timetable

Sheet Dashboard
A1: GCSE Revision Tracker — Dashboard | M1: Subject list (helper)
M2: Biology
A3: 📊 Overall Progress | M3: Chemistry
M4: Physics
A5: Total topics | C5: Not Started | E5: In Progress | G5: Completed | M5: Mathematics
A6: =SUMPRODUCT(COUNTIFS(INDIRECT("'"&Subjects&"'!A4:A1000"),"?*")) -> 66 | C6: =A6-E6-G6 -> 52 | E6: =SUMPRODUCT(COUNTIFS(INDIRECT("'"&Subjects&"'!A4:A1000"),"?*",INDIRECT("'"&Subjects&"'!B4:B1000"),"In Progress")) -> 4 | G6: =SUMPRODUCT(COUNTIFS(INDIRECT("'"&Subjects&"'!A4:A1000"),"?*",INDIRECT("'"&Subjects&"'!B4:B1000"),"Completed")) -> 10 | M6: English Language
M7: English Literature
A8: Amber | C8: Red | M8: Geography
A9: =SUMPRODUCT(COUNTIFS(INDIRECT("'"&Subjects&"'!A4:A1000"),"?*",INDIRECT("'"&Subjects&"'!C4:C1000"),"Amber")) -> 4 | C9: =SUMPRODUCT(COUNTIFS(INDIRECT("'"&Subjects&"'!A4:A1000"),"?*",INDIRECT("'"&Subjects&"'!C4:C1000"),"Red")) -> 2 | M9: History
M10: Spanish
M11: Computer Science
A12: 📚 Progress by Subject
A13: Subject | B13: Total Topics | C13: Not Started | D13: In Progress | E13: Completed | F13: Green | G13: Amber | H13: Red | I13: Last Revised
A14: Biology | B14: =SUMPRODUCT(COUNTIFS(INDIRECT("'Biology'!A4:A1000"),"?*")) -> 8 | C14: =B14-D14-E14 -> 6 | D14: =SUMPRODUCT(COUNTIFS(INDIRECT("'Biology'!A4:A1000"),"?*",INDIRECT("'Biology'!B4:B1000"),"In Progress")) -> 0 | E14: =SUMPRODUCT(COUNTIFS(INDIRECT("'Biology'!A4:A1000"),"?*",INDIRECT("'Biology'!B4:B1000"),"Completed")) -> 2 | F14: =SUMPRODUCT(COUNTIFS(INDIRECT("'Biology'!A4:A1000"),"?*",INDIRECT("'Biology'!C4:C1000"),"Green")) -> 2 | G14: =SUMPRODUCT(COUNTIFS(INDIRECT("'Biology'!A4:A1000"),"?*",INDIRECT("'Biology'!C4:C1000"),"Amber")) -> 0 | H14: =SUMPRODUCT(COUNTIFS(INDIRECT("'Biology'!A4:A1000"),"?*",INDIRECT("'Biology'!C4:C1000"),"Red")) -> 0 | I14: =IF(MAX(Biology!D4:D1000)=0, "-", IF(MAX(Biology!D4:D1000)=TODAY(), "Today", IF(TODAY()-MAX(Biology!D4:D1000)=1, "Yesterday", TODAY()-MAX(Biology!D4:D1000) & " days ago"))) -> Today
A15: Chemistry | B15: =SUMPRODUCT(COUNTIFS(INDIRECT("'Chemistry'!A4:A1000"),"?*")) -> 10 | C15: =B15-D15-E15 -> 9 | D15: =SUMPRODUCT(COUNTIFS(INDIRECT("'Chemistry'!A4:A1000"),"?*",INDIRECT("'Chemistry'!B4:B1000"),"In Progress")) -> 0 | E15: =SUMPRODUCT(COUNTIFS(INDIRECT("'Chemistry'!A4:A1000"),"?*",INDIRECT("'Chemistry'!B4:B1000"),"Completed")) -> 1 | F15: =SUMPRODUCT(COUNTIFS(INDIRECT("'Chemistry'!A4:A1000"),"?*",INDIRECT("'Chemistry'!C4:C1000"),"Green")) -> 1 | G15: =SUMPRODUCT(COUNTIFS(INDIRECT("'Chemistry'!A4:A1000"),"?*",INDIRECT("'Chemistry'!C4:C1000"),"Amber")) -> 0 | H15: =SUMPRODUCT(COUNTIFS(INDIRECT("'Chemistry'!A4:A1000"),"?*",INDIRECT("'Chemistry'!C4:C1000"),"Red")) -> 0 | I15: =IF(MAX(Chemistry!D4:D1000)=0, "N/A", IF(MAX(Chemistry!D4:D1000)=TODAY(), "Today", IF(TODAY()-MAX(Chemistry!D4:D1000)=1, "Yesterday", TODAY()-MAX(Chemistry!D4:D1000) & " days ago"))) -> Yesterday
A16: Physics | B16: =SUMPRODUCT(COUNTIFS(INDIRECT("'Physics'!A4:A1000"),"?*")) -> 11 | C16: =B16-D16-E16 -> 10 | D16: =SUMPRODUCT(COUNTIFS(INDIRECT("'Physics'!A4:A1000"),"?*",INDIRECT("'Physics'!B4:B1000"),"In Progress")) -> 0 | E16: =SUMPRODUCT(COUNTIFS(INDIRECT("'Physics'!A4:A1000"),"?*",INDIRECT("'Physics'!B4:B1000"),"Completed")) -> 1 | F16: =SUMPRODUCT(COUNTIFS(INDIRECT("'Physics'!A4:A1000"),"?*",INDIRECT("'Physics'!C4:C1000"),"Green")) -> 1 | G16: =SUMPRODUCT(COUNTIFS(INDIRECT("'Physics'!A4:A1000"),"?*",INDIRECT("'Physics'!C4:C1000"),"Amber")) -> 0 | H16: =SUMPRODUCT(COUNTIFS(INDIRECT("'Physics'!A4:A1000"),"?*",INDIRECT("'Physics'!C4:C1000"),"Red")) -> 0 | I16: =IF(MAX(Physics!D4:D1000)=0, "-", IF(MAX(Physics!D4:D1000)=TODAY(), "Today", IF(TODAY()-MAX(Physics!D4:D1000)=1, "Yesterday", TODAY()-MAX(Physics!D4:D1000) & " days ago"))) -> 2 days ago
A17: Mathematics | B17: =SUMPRODUCT(COUNTIFS(INDIRECT("'Mathematics'!A4:A1000"),"?*")) -> 1 | C17: =B17-D17-E17 -> 0 | D17: =SUMPRODUCT(COUNTIFS(INDIRECT("'Mathematics'!A4:A1000"),"?*",INDIRECT("'Mathematics'!B4:B1000"),"In Progress")) -> 1 | E17: =SUMPRODUCT(COUNTIFS(INDIRECT("'Mathematics'!A4:A1000"),"?*",INDIRECT("'Mathematics'!B4:B1000"),"Completed")) -> 0 | F17: =SUMPRODUCT(COUNTIFS(INDIRECT("'Mathematics'!A4:A1000"),"?*",INDIRECT("'Mathematics'!C4:C1000"),"Green")) -> 1 | G17: =SUMPRODUCT(COUNTIFS(INDIRECT("'Mathematics'!A4:A1000"),"?*",INDIRECT("'Mathematics'!C4:C1000"),"Amber")) -> 0 | H17: =SUMPRODUCT(COUNTIFS(INDIRECT("'Mathematics'!A4:A1000"),"?*",INDIRECT("'Mathematics'!C4:C1000"),"Red")) -> 0 | I17: =IF(MAX(Mathematics!D4:D1000)=0, "-", IF(MAX(Mathematics!D4:D1000)=TODAY(), "Today", IF(TODAY()-MAX(Mathematics!D4:D1000)=1, "Yesterday", TODAY()-MAX(Mathematics!D4:D1000) & " days ago"))) -> 4 days ago
A18: English Language | B18: =SUMPRODUCT(COUNTIFS(INDIRECT("'English Language'!A4:A1000"),"?*")) -> 10 | C18: =B18-D18-E18 -> 6 | D18: =SUMPRODUCT(COUNTIFS(INDIRECT("'English Language'!A4:A1000"),"?*",INDIRECT("'English Language'!B4:B1000"),"In Progress")) -> 0 | E18: =SUMPRODUCT(COUNTIFS(INDIRECT("'English Language'!A4:A1000"),"?*",INDIRECT("'English Language'!B4:B1000"),"Completed")) -> 4 | F18: =SUMPRODUCT(COUNTIFS(INDIRECT("'English Language'!A4:A1000"),"?*",INDIRECT("'English Language'!C4:C1000"),"Green")) -> 0 | G18: =SUMPRODUCT(COUNTIFS(INDIRECT("'English Language'!A4:A1000"),"?*",INDIRECT("'English Language'!C4:C1000"),"Amber")) -> 3 | H18: =SUMPRODUCT(COUNTIFS(INDIRECT("'English Language'!A4:A1000"),"?*",INDIRECT("'English Language'!C4:C1000"),"Red")) -> 1 | I18: =IF(MAX('English Language'!D4:D1000)=0, "-", IF(MAX('English Language'!D4:D1000)=TODAY(), "Today", IF(TODAY()-MAX('English Language'!D4:D1000)=1, "Yesterday", TODAY()-MAX('English Language'!D4:D1000) & " days ago"))) -> Yesterday
A19: English Literature | B19: =SUMPRODUCT(COUNTIFS(INDIRECT("'English Literature'!A4:A1000"),"?*")) -> 6 | C19: =B19-D19-E19 -> 5 | D19: =SUMPRODUCT(COUNTIFS(INDIRECT("'English Literature'!A4:A1000"),"?*",INDIRECT("'English Literature'!B4:B1000"),"In Progress")) -> 1 | E19: =SUMPRODUCT(COUNTIFS(INDIRECT("'English Literature'!A4:A1000"),"?*",INDIRECT("'English Literature'!B4:B1000"),"Completed")) -> 0 | F19: =SUMPRODUCT(COUNTIFS(INDIRECT("'English Literature'!A4:A1000"),"?*",INDIRECT("'English Literature'!C4:C1000"),"Green")) -> 0 | G19: =SUMPRODUCT(COUNTIFS(INDIRECT("'English Literature'!A4:A1000"),"?*",INDIRECT("'English Literature'!C4:C1000"),"Amber")) -> 0 | H19: =SUMPRODUCT(COUNTIFS(INDIRECT("'English Literature'!A4:A1000"),"?*",INDIRECT("'English Literature'!C4:C1000"),"Red")) -> 1 | I19: =IF(MAX('English Literature'!D4:D1000)=0, "-", IF(MAX('English Literature'!D4:D1000)=TODAY(), "Today", IF(TODAY()-MAX('English Literature'!D4:D1000)=1, "Yesterday", TODAY()-MAX('English Literature'!D4:D1000) & " days ago"))) -> 2 days ago
A20: Geography | B20: =SUMPRODUCT(COUNTIFS(INDIRECT("'Geography'!A4:A1000"),"?*")) -> 5 | C20: =B20-D20-E20 -> 4 | D20: =SUMPRODUCT(COUNTIFS(INDIRECT("'Geography'!A4:A1000"),"?*",INDIRECT("'Geography'!B4:B1000"),"In Progress")) -> 0 | E20: =SUMPRODUCT(COUNTIFS(INDIRECT("'Geography'!A4:A1000"),"?*",INDIRECT("'Geography'!B4:B1000"),"Completed")) -> 1 | F20: =SUMPRODUCT(COUNTIFS(INDIRECT("'Geography'!A4:A1000"),"?*",INDIRECT("'Geography'!C4:C1000"),"Green")) -> 1 | G20: =SUMPRODUCT(COUNTIFS(INDIRECT("'Geography'!A4:A1000"),"?*",INDIRECT("'Geography'!C4:C1000"),"Amber")) -> 0 | H20: =SUMPRODUCT(COUNTIFS(INDIRECT("'Geography'!A4:A1000"),"?*",INDIRECT("'Geography'!C4:C1000"),"Red")) -> 0 | I20: =IF(MAX(Geography!D4:D1000)=0, "-", IF(MAX(Geography!D4:D1000)=TODAY(), "Today", IF(TODAY()-MAX(Geography!D4:D1000)=1, "Yesterday", TODAY()-MAX(Geography!D4:D1000) & " days ago"))) -> Yesterday
A21: History | B21: =SUMPRODUCT(COUNTIFS(INDIRECT("'History'!A4:A1000"),"?*")) -> 3 | C21: =B21-D21-E21 -> 2 | D21: =SUMPRODUCT(COUNTIFS(INDIRECT("'History'!A4:A1000"),"?*",INDIRECT("'History'!B4:B1000"),"In Progress")) -> 1 | E21: =SUMPRODUCT(COUNTIFS(INDIRECT("'History'!A4:A1000"),"?*",INDIRECT("'History'!B4:B1000"),"Completed")) -> 0 | F21: =SUMPRODUCT(COUNTIFS(INDIRECT("'History'!A4:A1000"),"?*",INDIRECT("'History'!C4:C1000"),"Green")) -> 1 | G21: =SUMPRODUCT(COUNTIFS(INDIRECT("'History'!A4:A1000"),"?*",INDIRECT("'History'!C4:C1000"),"Amber")) -> 0 | H21: =SUMPRODUCT(COUNTIFS(INDIRECT("'History'!A4:A1000"),"?*",INDIRECT("'History'!C4:C1000"),"Red")) -> 0 | I21: =IF(MAX(History!D4:D1000)=0, "-", IF(MAX(History!D4:D1000)=TODAY(), "Today", IF(TODAY()-MAX(History!D4:D1000)=1, "Yesterday", TODAY()-MAX(History!D4:D1000) & " days ago"))) -> 2 days ago
A22: Spanish | B22: =SUMPRODUCT(COUNTIFS(INDIRECT("'Spanish'!A4:A1000"),"?*")) -> 4 | C22: =B22-D22-E22 -> 3 | D22: =SUMPRODUCT(COUNTIFS(INDIRECT("'Spanish'!A4:A1000"),"?*",INDIRECT("'Spanish'!B4:B1000"),"In Progress")) -> 1 | E22: =SUMPRODUCT(COUNTIFS(INDIRECT("'Spanish'!A4:A1000"),"?*",INDIRECT("'Spanish'!B4:B1000"),"Completed")) -> 0 | F22: =SUMPRODUCT(COUNTIFS(INDIRECT("'Spanish'!A4:A1000"),"?*",INDIRECT("'Spanish'!C4:C1000"),"Green")) -> 1 | G22: =SUMPRODUCT(COUNTIFS(INDIRECT("'Spanish'!A4:A1000"),"?*",INDIRECT("'Spanish'!C4:C1000"),"Amber")) -> 0 | H22: =SUMPRODUCT(COUNTIFS(INDIRECT("'Spanish'!A4:A1000"),"?*",INDIRECT("'Spanish'!C4:C1000"),"Red")) -> 0 | I22: =IF(MAX(Spanish!D4:D1000)=0, "-", IF(MAX(Spanish!D4:D1000)=TODAY(), "Today", IF(TODAY()-MAX(Spanish!D4:D1000)=1, "Yesterday", TODAY()-MAX(Spanish!D4:D1000) & " days ago"))) -> 2 days ago
A23: Computer Science | B23: =SUMPRODUCT(COUNTIFS(INDIRECT("'Computer Science'!A4:A1000"),"?*")) -> 8 | C23: =B23-D23-E23 -> 7 | D23: =SUMPRODUCT(COUNTIFS(INDIRECT("'Computer Science'!A4:A1000"),"?*",INDIRECT("'Computer Science'!B4:B1000"),"In Progress")) -> 0 | E23: =SUMPRODUCT(COUNTIFS(INDIRECT("'Computer Science'!A4:A1000"),"?*",INDIRECT("'Computer Science'!B4:B1000"),"Completed")) -> 1 | F23: =SUMPRODUCT(COUNTIFS(INDIRECT("'Computer Science'!A4:A1000"),"?*",INDIRECT("'Computer Science'!C4:C1000"),"Green")) -> 0 | G23: =SUMPRODUCT(COUNTIFS(INDIRECT("'Computer Science'!A4:A1000"),"?*",INDIRECT("'Computer Science'!C4:C1000"),"Amber")) -> 1 | H23: =SUMPRODUCT(COUNTIFS(INDIRECT("'Computer Science'!A4:A1000"),"?*",INDIRECT("'Computer Science'!C4:C1000"),"Red")) -> 0 | I23: =IF(MAX('Computer Science'!D4:D1000)=0, "-", IF(MAX('Computer Science'!D4:D1000)=TODAY(), "Today", IF(TODAY()-MAX('Computer Science'!D4:D1000)=1, "Yesterday", TODAY()-MAX('Computer Science'!D4:D1000) & " days ago"))) -> Yesterday
A26: 🧭 How to choose what to revise
A27: • Slots 1–3 of the day: your timetable tells you the subject. Open that subject tab and pick the topic.
A28: • Slot 4 (maintenance): use this Dashboard. Pick 3 subjects with Red/Amber/overdue topics, 15 min each.
A29: • Anything overdue? Do those first. Then Red. Then Amber. Then oldest Last Revised.
A30: • A subject with lots of Red or Overdue = focus there. A subject with lots of Green = leave it longer.

Sheet Biology
A1: Biology
A2: < Return to Dashboard
A3: Topic | B3: Status | C3: Confidence | D3: Last Revised | E3: Next Action | F3: General Notes
A4: Group 1: Characteristics of living organisms Levels of organisation Cell structure Variety of living organisms | B4: Completed | C4: Green | D4: 46313 | E4: Alright we are done. First Bit of bio revision done :)
A5: Group 2: Movements of molecules Biological molecules Movement of substances | B5: Completed | C5: Green | D5: 46316 | E5: Chill session. Its all in the long term knowledge
A6: Group 3: Transport in plants Nutrition in plants Gas exchange in plants Reproduction in plants
A7: Group 4: Respiration Gas exchange in humans
A8: Group 5: Excretion Human Reproduction
A9: Group 6: Co-ordination and response Transport in Humans Nutrition in humans
A10: Group 7: Inheritance
A11: Group 8: Organisms in the environment Human Influences Feeding relationships Cycles within ecosystems

Sheet Chemistry
A1: Chemistry
A2: < Return to Dashboard
A3: Topic | B3: Status | C3: Confidence | D3: Last Revised | E3: Next Action | F3: General Notes
A4: Principals of Chemistry 1a - 1e | B4: Completed | C4: Green | D4: 46315 | E4: Complete
A5: Bonding 1f - 1h | E5: 1. Quick chatgpt go over on ionic, covalent and metallic bonding 2. Do a ionic bonding PMT paper 3. Do a covalent bonding PMT paper
A6: Inorganic Chem part 1 - 1a - 1d
A7: Inorganic Chem part 2 - 1e - 1g
A8: Energetics
A9: Rates of Reaction
A10: Reversible reaction and equilbria
A11: y10 Organics
A12: y11 Organics
A13: Full Mock Past Papers

Sheet Physics
A1: Physics
A2: < Return to Dashboard
A3: Topic | B3: Status | C3: Confidence | D3: Last Revised | E3: Next Action | F3: General Notes
A4: 9.1 Measuring waves + 10.1 Properties of waves & EM Spectrum | B4: Completed | C4: Green | D4: 46314 | E4: When doing a review session just do a little chatgpt quiz to finish up the rest of this topic.
A5: 9.2 Electrostatics and electrical current
A6: 9.3 Mains electricity + 10.4 Electrical circuits
A7: 9.4 Astronomy
A8: 9.5 Measuring motion + 10.3 Unbalanced forces and acceleration
A9: 9.6 Magnetism and electromagnets + 10.6 Electromagnetism
A10: 9.7 Energy types and energy resources + 10.2 Energy transfer, work and power
A11: 9.8 Density and pressure + 10.5 Pressure in Liquids and Ideal Gases
A12: 10.7 Thermal energy and Change of State
A13: 11.1 Radioactivity
A14: 11.2 Forces, Momentum & Moments

Sheet Mathematics
A1: Mathematics
A2: < Return to Dashboard
A3: Topic | B3: Status | C3: Confidence | D3: Last Revised | E3: Next Action | F3: General Notes
A4: Do Lots of Past Papers | B4: In Progress | C4: Green | D4: 46312 | E4: Do the reasoning and problem solving question papers on firefly

Sheet English Language
A1: English Language
A2: < Return to Dashboard
A3: Topic | B3: Status | C3: Confidence | D3: Last Revised | E3: Next Action | F3: General Notes
A4: Between A Rock & Hard Place Annotation and practise questions | B4: Completed | C4: Amber | D4: 46315 | E4: 1. Do a couple of questions for each anthology 2. Do a past language paper on firefly. Go to the english page then go to paper 1 overviews
A5: Transactional Writing Practise: Magazine article
A6: Bhutan: Beyond the sky & earth Annotation and practise questions | B6: Completed | C6: Red | D6: 46311 | E6: Man this was not easy. Try use chatgpt to show you how to answer these questions and then try to actually get better answers. Complete 1 question from each section then move onto a new topic. Man this ain't easy.
A7: The Danger of a single story annotation and practise questions | B7: Completed | C7: Amber | D7: 46315
A8: Young and dyslexic and annotation and practise questions | B8: Completed | C8: Amber | D8: 46315
A9: Explorers, or boys messing about: annotation and practise questions
A10: You've got it going on: annotation and practise questions
A11: Transactional Writing Practise: Guide
A12: Transactional Writing Practise: Letter
A13: Transactional Writing Practise: Leaflet text

Sheet English Literature
A1: English Literature
A2: < Return to Dashboard
A3: Topic | B3: Status | C3: Confidence | D3: Last Revised | E3: Next Action | F3: General Notes
A4: Quotations and meaning for VFAB Characters - Eddie, Alfieri, Catherine, Rodolfo
A5: VFAB - Themes: 1. Different views of loyalty and honour 2. Different views of justice 3. Transition and change | B5: In Progress | C5: Red | D5: 46314 | E5: Very tough and bad session. Next time just get this section finished. use chatgpt to teach you anything man. We have to do something different cuz it was really hard. Chatgpt is going to have to save me
A6: Practise planning and writing essays for VFAB
A7: Quotations and meaning for Romeo & Juliet characters - Eddie, Alfieri, Catherine, Rodolfo
A8: Romeo and Juliet: Revise themes: ❤️ Love and romance 👑 Power and control 🕊️ Hope and forgiveness
A9: Practise planning and writing essays for R&J

Sheet Geography
A1: Geography
A2: < Return to Dashboard
A3: Topic | B3: Status | C3: Confidence | D3: Last Revised | E3: Next Action | F3: General Notes
A4: Hazards | E4: Your doing this next :)
A5: Economic Activity & energy
A6: Coasts
A7: Coastal Fieldwork
A8: Urban Environments | B8: Completed | C8: Green | D8: 46315 | E8: This section is done. Next time you revise practise 8 markers and also do flashcards if possible.

Sheet History
A1: History
A2: < Return to Dashboard
A3: Topic | B3: Status | C3: Confidence | D3: Last Revised | E3: Next Action | F3: General Notes
A4: America 1918 - 1941 | B4: In Progress | C4: Green | D4: 46314 | E4: 1. Do that 16 marker i didn't do last time 2. read up on the whole of Section 3 3. If time start doing the 6,8,16 mark questions on that section (I highly doubt you will get to this tho you will probably do it next session)
A5: US Civil Rights
A6: History of Medicine

Sheet Spanish
A1: Spanish
A2: < Return to Dashboard
A3: Topic | B3: Status | C3: Confidence | D3: Last Revised | E3: Next Action | F3: General Notes
A4: Do reading papers | B4: In Progress | C4: Green | D4: 46314 | E4: Next session do this (should be a chill session): 1. revise all tenses on thisisschool/conjugemos 2. Keep on going with the reading paper, putting words you don't know in the quizlet 3. In the last 10 mins do the quizlet.
A5: Do writing papers
A6: Do listening papers
A7: practise for oral

Sheet Computer Science
A1: Computer Science
A2: < Return to Dashboard
A3: Topic | B3: Status | C3: Confidence | D3: Last Revised | E3: Next Action | F3: General Notes
A4: 1.1 - Systems Architecture
A5: 1.2 - Memory and storage
A6: 1.3 - Computer networks, connections and protocols
A7: 1.4 - Network security
A8: 1.5 - Systems software
A9: 1.6 - Ethical, legal, cultural and environmental impacts of digital technology | B9: Completed | C9: Amber | D9: 46315 | E9: Okay so this topic isn't perfect so we're gonna have to come back to it in some time but i need to look at section 2.1 and 2.2 in the meanwhile tho.
A10: 2.1 - Algorithms
A11: 2.2 - Programming fundamentals

Sheet Settings
B2: ⚙ Settings
B4: Review intervals — how many days until a topic comes back
B6: Confidence | C6: Interval (days)
B7: Red | C7: 1
B8: Amber | C8: 3
B9: Green | C9: 6
B10: Not Assessed | C10: —
B12: Edit the interval numbers in column C to change how often topics come back.
